epoch,phase,correlation,dim,entropy_x1,entropy_x2,h_independent_joint,h_theoretical,h_x1_given_x2,h_x2_given_x1,joint_entropy,kl_div_1,kl_div_1_per_dim,kl_div_2,kl_div_2_per_dim,kl_div_total,kl_marginals_per_dim_sum,kl_per_dim_sum,kl_sum_per_dim,kl_total_over_dims,kl_x1_per_dim,kl_x2_per_dim,loss,lr,mae,mae_x1_to_x2,mae_x2_to_x1,mi_gen_gen,mi_x1_to_x2,mi_x2_to_x1,mu1_learned,mu2_learned,mutual_information,mutual_information_per_dim,mutual_information_true_gen_proxy,obj_base,sigma,std1_learned,std2_learned
0,initial,-0.010230390392579232,1,4.041875116491568,4.028034598949926,8.069909715441494,1.4189,4.041875116491568,4.028034598949926,8.010400814719025,3.619530557009746e-06,3.619530557009746e-06,0.0002411796527737132,0.0002411796527737132,0.00024479918333072297,0.00024479918333072297,0.00024479918333072297,0.00024479918333072297,0.00024479918333072297,3.619530557009746e-06,0.0002411796527737132,0.0,0.0001,1.1515929698944092,1.150264859199524,1.1529210805892944,0.46599852271788755,0.4563143307529387,0.4756827146828364,2.002626657485962,10.02104663848877,0.46599852271788755,0.46599852271788755,0.46599852271788755,,0.005,0.9953537583351135,1.004441738128662
1,es,-0.020378742284196547,1,4.075148402068124,4.102721581994143,8.177869984062268,1.4189,4.075148402068123,4.102721581994144,8.064380949029413,0.0002498345711297192,0.0002498345711297192,0.00017385156511410323,0.00017385156511410323,0.0004236861362438224,0.0004236861362438224,0.0004236861362438224,0.0004236861362438224,0.0004236861362438224,0.0002498345711297192,0.00017385156511410323,0.006796755640150624,0.0001,1.13492714161944,1.1289719136132714,1.1408823696256085,0.48916984998872337,0.4915872657392715,0.48675243423817527,1.9794639452513585,10.013730639580855,0.48916984998872337,0.48916984998872337,0.48916984998872337,-0.006796755640150624,0.005,1.0010327769105307,0.9910921307393824
2,es,0.009773701785105228,1,4.005321481811846,4.022932465228628,8.028253947040474,1.4189,4.005321481811846,4.022932465228628,7.9895729305185155,3.742076964726656e-05,3.742076964726656e-05,0.00014718108482817207,0.00014718108482817207,0.00018460185447543862,0.00018460185447543862,0.00018460185447543862,0.00018460185447543862,0.00018460185447543862,3.742076964726656e-05,0.00014718108482817207,-0.005635963319531634,0.0001,1.1361144444119082,1.1405421296427378,1.1316867591810786,0.4540552427099662,0.45335323681380046,0.454757248606132,1.9920471625331666,10.016528254751709,0.4540552427099662,0.4540552427099662,0.4540552427099662,0.005635963319531634,0.005,0.9926594517176571,0.9967474648566124
3,es,0.0198830208506678,1,4.090306369792904,3.8424126042431945,7.932718974036098,1.4189,4.090306369792904,3.842412604243195,7.941805444016328,0.00011753048572204036,0.00011753048572204036,0.00010316005052198973,0.00010316005052198973,0.00022069053624403009,0.00022069053624403009,0.00022069053624403009,0.00022069053624403009,0.00022069053624403009,0.00011753048572204036,0.00010316005052198973,0.0015960991990211666,0.0001,1.1296666819463137,1.1322546760513732,1.1270786878412542,0.43182301049087757,0.39208406043373056,0.4715619605480246,1.985489943493146,10.013843258558337,0.43182301049087757,0.43182301049087757,0.43182301049087757,-0.0015960991990211666,0.005,0.9916598349596145,0.9972914008227657
4,es,-0.016813878285043743,1,4.12014545986124,4.023040762615789,8.143186222477029,1.4189,4.12014545986124,4.023040762615789,8.047039068236792,3.1723235986779126e-06,3.1723235986779126e-06,0.00011005927514237931,0.00011005927514237931,0.00011323159874105722,0.00011323159874105722,0.00011323159874105722,0.00011323159874105722,0.00011323159874105722,3.1723235986779126e-06,0.00011005927514237931,-0.0029929114516714234,0.0001,1.1431022963173867,1.1421373323804622,1.1440672602543112,0.4722533556731041,0.45111981559371994,0.4933868957524883,2.0011868701348314,10.014069501158778,0.4722533556731041,0.4722533556731041,0.4722533556731041,0.0029929114516714234,0.005,0.9965490209933123,0.9966724586152381
5,es,0.02513780283533799,1,3.9709557474148043,4.069945410951028,8.040901158365832,1.4189,3.9709557474148043,4.0699454109510285,7.995896536181195,0.00033686096262014345,0.00033686096262014345,0.000845681396868658,0.000845681396868658,0.0011825423594888015,0.0011825423594888015,0.0011825423594888015,0.0011825423594888015,0.0011825423594888015,0.00033686096262014345,0.000845681396868658,0.021806574627159594,0.0001,1.1184602668240826,1.125880689063191,1.111039844584974,0.4553628083612793,0.4700738567467653,0.4406517599757933,2.0194152344220777,10.03623640706884,0.4553628083612793,0.4553628083612793,0.4553628083612793,-0.021806574627159594,0.005,0.9829694976608092,0.9862787128929886
6,es,0.04488409051320643,1,4.033865122177517,4.045244759503208,8.079109881680726,1.4189,4.033865122177517,4.045244759503209,8.015000897838641,9.674261190542268e-05,9.674261190542268e-05,0.00023410098650530144,0.00023410098650530144,0.0003308435984107241,0.0003308435984107241,0.0003308435984107241,0.0003308435984107241,0.0003308435984107241,9.674261190542268e-05,0.00023410098650530144,0.0031533506376134252,0.0001,1.1274468029363434,1.137767518074364,1.1171260877983227,0.4659749246558844,0.46804256255630516,0.46390728675546367,2.008276904845643,10.01758420248194,0.4659749246558844,0.4659749246558844,0.4659749246558844,-0.0031533506376134252,0.005,1.0028413504354206,0.9910970178890275
7,es,0.0018661330659008569,1,4.045439638975129,3.962032541714292,8.00747218068942,1.4189,4.045439638975129,3.9620325417142914,7.979182047342989,4.5002903272529e-05,4.5002903272529e-05,6.329356804112272e-05,6.329356804112272e-05,0.00010829647131365172,0.00010829647131365172,0.00010829647131365172,0.00010829647131365172,0.00010829647131365172,4.5002903272529e-05,6.329356804112272e-05,0.01357754223523667,0.0001,1.1364704194386253,1.1452987343146472,1.1276421045626033,0.4579477860607204,0.4448522673376978,0.471043304783743,2.001987771500991,10.010777603686133,0.4579477860607204,0.4579477860607204,0.4579477860607204,-0.01357754223523667,0.005,0.9884693831972482,1.002284768330805
8,es,0.006792290358361494,1,4.088784963643814,3.954280505713665,8.04306546935748,1.4189,4.088784963643814,3.954280505713665,7.996978691677018,3.385597326002491e-05,3.385597326002491e-05,0.000577396644783287,0.000577396644783287,0.0006112526180433119,0.0006112526180433119,0.0006112526180433119,0.0006112526180433119,0.0006112526180433119,3.385597326002491e-05,0.000577396644783287,-0.0019717837694743973,0.0001,1.13223407758763,1.1397512610859069,1.1247168940893533,0.4560315632825276,0.42784637988695806,0.4842167466780971,1.9929200984919626,10.010907703140354,0.4560315632825276,0.4560315632825276,0.4560315632825276,0.0019717837694743973,0.005,0.9920809500090304,0.9773293696646269
9,es,-0.003004726091404049,1,4.051568369579034,4.047194788010378,8.098763157589412,1.4189,4.051568369579034,4.047194788010378,8.024827535792983,0.0001248257006766165,0.0001248257006766165,2.696813210122936e-05,2.696813210122936e-05,0.00015179383277784587,0.00015179383277784587,0.00015179383277784587,0.00015179383277784587,0.00015179383277784587,0.0001248257006766165,2.696813210122936e-05,0.02749086369963116,0.0001,1.1382104151025163,1.1333988785610523,1.1430219516439801,0.47487679431669516,0.47698543590361986,0.47276815272977046,1.9965795058445717,9.998769893966626,0.47487679431669516,0.47487679431669516,0.47487679431669516,-0.02749086369963116,0.005,1.0058573648404328,0.9948845567211365
10,es,-0.0004268330773886325,1,4.00584891144429,4.124707873906907,8.130556785351196,1.4189,4.005848911444289,4.124707873906907,8.040724349673877,0.0002750109692396715,0.0002750109692396715,2.3072334553755134e-05,2.3072334553755134e-05,0.00029808330379342665,0.00029808330379342665,0.00029808330379342665,0.00029808330379342665,0.00029808330379342665,0.0002750109692396715,2.3072334553755134e-05,0.013083584419083414,0.0001,1.1367632853608636,1.1327054896541524,1.1408210810675747,0.47215571622977137,0.493861885915031,0.45044954654451175,2.0145520950232028,10.00293521034721,0.47215571622977137,0.47215571622977137,0.47215571622977137,-0.013083584419083414,0.005,1.007914028742348,1.0043350516090728
11,es,-0.014827897520723927,1,4.112150336609149,4.0472136197580175,8.159363956367166,1.4189,4.112150336609149,4.047213619758018,8.055127935181861,0.0001695598245702574,0.0001695598245702574,0.00011649975012973647,0.00011649975012973647,0.0002860595746999939,0.0002860595746999939,0.0002860595746999939,0.0002860595746999939,0.0002860595746999939,0.0001695598245702574,0.00011649975012973647,0.006236613695888069,0.0001,1.1398603042409776,1.137955463612245,1.1417651448697101,0.4762758756516434,0.46370771993079707,0.4888440313724898,2.0144062973572674,10.014594265044407,0.4762758756516434,0.4762758756516434,0.4762758756516434,-0.006236613695888069,0.005,1.003004050217571,1.003164649081474
12,es,-0.014177784803864987,1,3.9991921009704225,4.061528925566081,8.060721026536504,1.4189,3.9991921009704225,4.061528925566082,8.005806470266531,0.00012668435934470217,0.00012668435934470217,9.988459785818571e-05,9.988459785818571e-05,0.00022656895720288788,0.00022656895720288788,0.00022656895720288788,0.00022656895720288788,0.00022656895720288788,0.00012668435934470217,9.988459785818571e-05,0.018023645628664837,0.0001,1.1366261896704144,1.12786110308572,1.1453912762551088,0.46416621405612934,0.4788530603427512,0.4494793677695075,1.999464724327084,10.014068839694989,0.46416621405612934,0.46416621405612934,0.46416621405612934,-0.018023645628664837,0.005,0.9838158574378023,0.999041261862981
13,es,-0.016088151951902708,1,4.061399712899148,4.0167414248055495,8.078141137704698,1.4189,4.0613997128991475,4.01674142480555,8.014516525850627,0.0001157215886199301,0.0001157215886199301,0.001358029047669622,0.001358029047669622,0.001473750636289552,0.001473750636289552,0.001473750636289552,0.001473750636289552,0.001473750636289552,0.0001157215886199301,0.001358029047669622,0.027518762398420816,0.0001,1.14708853127452,1.1543763979436574,1.1398006646053829,0.46572162134246753,0.45730336847474184,0.4741398742101932,1.9872823694145672,10.042628431344333,0.46572162134246753,0.46572162134246753,0.46572162134246753,-0.027518762398420816,0.005,0.9891882402440922,1.0212743434247475
14,es,0.028074246472235092,1,4.057757178089056,4.013279023061685,8.07103620115074,1.4189,4.057757178089055,4.013279023061685,8.010964057573648,0.00010788135440857897,0.00010788135440857897,0.001111247569599029,0.001111247569599029,0.0012191289240076082,0.0012191289240076082,0.0012191289240076082,0.0012191289240076082,0.0012191289240076082,0.00010788135440857897,0.001111247569599029,-0.0012145795563911742,0.0001,1.1160969134591765,1.1154352922293866,1.1167585346889664,0.4590565475200066,0.4492065121890887,0.46890658285092446,1.9897364241427857,10.042209070812907,0.4590565475200066,0.4590565475200066,0.4590565475200066,0.0012145795563911742,0.005,0.9876390108033498,0.9851895080637849
15,es,0.01555970477773762,1,4.061812286491184,3.9820453176446757,8.04385760413586,1.4189,4.061812286491184,3.9820453176446757,7.997374759066209,8.681313525877394e-07,8.681313525877394e-07,0.00021256557199080822,0.00021256557199080822,0.00021343370334339596,0.00021343370334339596,0.00021343370334339596,0.00021343370334339596,0.00021343370334339596,8.681313525877394e-07,0.00021256557199080822,0.02239888142651736,0.0001,1.1221190580351932,1.1247815032350075,1.119456612835379,0.45002491167643033,0.43211026664775964,0.467939556705101,1.9991007360120159,10.006300684832437,0.45002491167643033,0.45002491167643033,0.45002491167643033,-0.02239888142651736,0.005,0.9943121527476868,0.9861500044777205
16,es,0.013691562633509482,1,3.995799891972672,3.9786129632431275,7.9744128552158,1.4189,3.995799891972672,3.9786129632431275,7.962652384606178,4.953521490297298e-05,4.953521490297298e-05,0.00018797557227282215,0.00018797557227282215,0.00023751078717579514,0.00023751078717579514,0.00023751078717579514,0.00023751078717579514,0.00023751078717579514,4.953521490297298e-05,0.00018797557227282215,0.035491128962596714,0.0001,1.1347850583730628,1.1445407361278386,1.1250293806182867,0.43669834089382364,0.4295865055594197,0.4438101762282276,2.008317341380525,10.019387949467305,0.43669834089382364,0.43669834089382364,0.43669834089382364,-0.035491128962596714,0.005,0.9911883114040209,0.9998259930143703
17,es,-0.01815463904646845,1,4.029775185995996,4.053616894822401,8.083392080818397,1.4189,4.029775185995996,4.053616894822401,8.017141997407478,0.0005878818423517055,0.0005878818423517055,0.00031471503472245286,0.00031471503472245286,0.0009025968770741584,0.0009025968770741584,0.0009025968770741584,0.0009025968770741584,0.0009025968770741584,0.0005878818423517055,0.00031471503472245286,0.016179399221505315,0.0001,1.1323613479862042,1.1255023751372706,1.1392203208351381,0.4659601922464942,0.4681352261737004,0.463785158319288,2.0183547180030246,10.009876624502944,0.4659601922464942,0.4659601922464942,0.4659601922464942,-0.016179399221505315,0.005,0.9747211034576901,0.9837368317529666
18,es,-0.001489072873540628,1,4.029141062076083,4.0581658778277845,8.087306939903868,1.4189,4.029141062076082,4.0581658778277845,8.019099426950213,0.00029049109421609037,0.00029049109421609037,0.0006022999321780848,0.0006022999321780848,0.0008927910263941751,0.0008927910263941751,0.0008927910263941751,0.0008927910263941751,0.0008927910263941751,0.00029049109421609037,0.0006022999321780848,0.01001854493738656,0.0001,1.1411253943156014,1.1439195530713517,1.1383312355598512,0.47191585764904875,0.4757714076006412,0.4680603076974563,1.9834851554298396,10.034707359583608,0.47191585764904875,0.47191585764904875,0.47191585764904875,-0.01001854493738656,0.005,1.007309700638184,1.0000229815481978
19,es,0.019262499050991942,1,4.057971684510545,4.0811948151726565,8.139166499683203,1.4189,4.0579716845105445,4.0811948151726565,8.045029206839878,0.000257876763379885,0.000257876763379885,0.00012449011350783968,0.00012449011350783968,0.0003823668768877247,0.0003823668768877247,0.0003823668768877247,0.0003823668768877247,0.0003823668768877247,0.000257876763379885,0.00012449011350783968,0.01416272527047432,0.0001,1.1310247774830817,1.1284501118537922,1.1335994431123713,0.4781875694020936,0.48093013179961375,0.4754450070045735,1.9802456195882325,10.010344056159573,0.4781875694020936,0.4781875694020936,0.4781875694020936,-0.01416272527047432,0.005,1.0027551474749734,0.9915862278331419
20,es,0.01292046802548489,1,4.039214315770074,4.024430231994498,8.063644547764572,1.4189,4.039214315770074,4.024430231994499,8.007268230880566,0.0003496551205496558,0.0003496551205496558,0.0008905584935895552,0.0008905584935895552,0.001240213614139211,0.001240213614139211,0.001240213614139211,0.001240213614139211,0.001240213614139211,0.0003496551205496558,0.0008905584935895552,-0.0025840819518189325,0.0001,1.1322539712949649,1.121179322579704,1.143328620010226,0.4607411398150578,0.45830498914147455,0.4631772904886411,1.9830195144429597,9.991163352516825,0.4607411398150578,0.4607411398150578,0.4607411398150578,0.0025840819518189325,0.005,1.0092334694733347,0.9709625558691775
21,es,0.004990778181288289,1,3.9854604534177946,4.0130482951683275,7.998508748586122,1.4189,3.985460453417794,4.013048295168328,7.97470033129134,9.744514691866318e-05,9.744514691866318e-05,0.00017897680716391106,0.00017897680716391106,0.00027642195408257423,0.00027642195408257423,0.00027642195408257423,0.00027642195408257423,0.00027642195408257423,9.744514691866318e-05,0.00017897680716391106,0.015956686777330763,0.0001,1.123075496052826,1.1221078676861693,1.1240431244194828,0.44646138801793755,0.4533448747723563,0.4395779012635188,1.993365747843434,10.012201581637537,0.44646138801793755,0.44646138801793755,0.44646138801793755,-0.015956686777330763,0.005,0.9863706334862781,0.9897930750236476
22,es,0.0029015272256074837,1,3.8597826876329653,4.097628332783152,7.957411020416117,1.4189,3.8597826876329653,4.097628332783152,7.954151467206337,0.0001330248549175606,0.0001330248549175606,0.0007576406282133524,0.0007576406282133524,0.000890665483130913,0.000890665483130913,0.000890665483130913,0.000890665483130913,0.000890665483130913,0.0001330248549175606,0.0007576406282133524,-0.002007033203957898,0.0001,1.1266168879335292,1.1225891512115458,1.1306446246555129,0.4431729928623711,0.4767654852020664,0.4095805005226758,2.0159901170146264,10.02354259163977,0.4431729928623711,0.4431729928623711,0.4431729928623711,0.002007033203957898,0.005,0.9930250024498545,0.9781600255231149
23,es,-0.01569866389695762,1,3.9963458304343202,3.9925948329543433,7.9889406633886635,1.4189,3.9963458304343207,3.9925948329543437,7.969916288692611,0.00013440734554352957,0.00013440734554352957,0.00014425625015319725,0.00014425625015319725,0.0002786635956967268,0.0002786635956967268,0.0002786635956967268,0.0002786635956967268,0.0002786635956967268,0.00013440734554352957,0.00014425625015319725,0.014348433631096625,0.0001,1.1418256352110876,1.1373067916807067,1.1463444787414685,0.4533086431404407,0.4502567548968299,0.4563605313840515,1.992712344441027,10.015590584042222,0.4533086431404407,0.4533086431404407,0.4533086431404407,-0.014348433631096625,0.005,1.0053255513502939,1.004770760981826
24,es,0.00746806997774267,1,4.002855739787265,4.043067055853422,8.045922795640687,1.4189,4.002855739787265,4.043067055853422,7.998407354818622,7.790867150720627e-05,7.790867150720627e-05,0.0007713462393147458,0.0007713462393147458,0.0008492549108219521,0.0008492549108219521,0.0008492549108219521,0.0008492549108219521,0.0008492549108219521,7.790867150720627e-05,0.0007713462393147458,0.0050466977665210855,0.0001,1.1458699985085956,1.1522784779324309,1.1394615190847606,0.4588356858687508,0.46475273508341886,0.4529186366540827,1.989784103909594,10.039098745600162,0.4588356858687508,0.4588356858687508,0.4588356858687508,-0.0050466977665210855,0.005,0.9999864382912069,1.002645268259331
25,es,0.009758125472747348,1,4.0941374541343585,3.9694935678158227,8.063631021950181,1.4189,4.0941374541343585,3.9694935678158223,8.007261467973368,4.155248152396703e-05,4.155248152396703e-05,0.00012700025558921402,0.00012700025558921402,0.00016855273711318105,0.00016855273711318105,0.00016855273711318105,0.00016855273711318105,0.00016855273711318105,4.155248152396703e-05,0.00012700025558921402,-0.0018381183359597148,0.0001,1.1431302783735682,1.1519286903913912,1.1343318663557451,0.46205700145424045,0.4338903268464964,0.49022367606198447,1.9920609320911096,10.013867502568225,0.46205700145424045,0.46205700145424045,0.46205700145424045,0.0018381183359597148,0.005,0.9980912333019704,1.0055591790872604
26,es,-0.022925420574917945,1,3.9995394625844547,3.9493291739054714,7.948868636489927,1.4189,3.999539462584455,3.9493291739054714,7.949880275243242,0.00023312355041082657,0.00023312355041082657,0.0010125302739389976,0.0010125302739389976,0.001245653824349824,0.001245653824349824,0.001245653824349824,0.001245653824349824,0.001245653824349824,0.00023312355041082657,0.0010125302739389976,0.02269084950164894,0.0001,1.1463383273960097,1.1356202469825496,1.1570564078094698,0.43922863051111793,0.42787508639936256,0.4505821746228733,2.014173646239348,10.044834667920782,0.43922863051111793,0.43922863051111793,0.43922863051111793,-0.02269084950164894,0.005,1.0064261572287632,0.9972703923264651
27,es,0.027426618656350488,1,4.119473106005688,3.8516808842194794,7.971153990225167,1.4189,4.119473106005687,3.8516808842194794,7.961022952110862,0.00036074787591112225,0.00036074787591112225,0.00023516537212701815,0.00023516537212701815,0.0005959132480381404,0.0005959132480381404,0.0005959132480381404,0.0005959132480381404,0.0005959132480381404,0.00036074787591112225,0.00023516537212701815,-0.01519514126848859,0.0001,1.1263282048209566,1.1267553952639253,1.1259010143779877,0.4398342368239305,0.4034476793805508,0.47622079426731023,1.978896880840278,10.020976471624712,0.4398342368239305,0.4398342368239305,0.4398342368239305,0.01519514126848859,0.005,1.0066060194770576,0.996108920926555
28,es,-0.030999635435341108,1,4.031302371034273,4.040382851119228,8.071685222153501,1.4189,4.031302371034272,4.040382851119228,8.011288568075027,4.703193567269586e-05,4.703193567269586e-05,0.00017658885216181674,0.00017658885216181674,0.00022362078783451258,0.00022362078783451258,0.00022362078783451258,0.00022362078783451258,0.00022362078783451258,4.703193567269586e-05,0.00017658885216181674,-0.0033029923539101957,0.0001,1.1520216169655624,1.1505325119927166,1.1535107219384082,0.4630820800165254,0.4734993024504428,0.452664857582608,1.9943506857281057,10.018457756253367,0.4630820800165254,0.4630820800165254,0.4630820800165254,0.0033029923539101957,0.005,1.0005247545202056,0.9975019480653423
29,es,-0.018407824338898756,1,3.895177486730691,4.013548792824472,7.908726279555163,1.4189,3.895177486730691,4.013548792824473,7.929809096775861,0.0003064701390689206,0.0003064701390689206,5.796043817019742e-05,5.796043817019742e-05,0.000364430577239118,0.000364430577239118,0.000364430577239118,0.000364430577239118,0.000364430577239118,0.0003064701390689206,5.796043817019742e-05,0.009745959160103991,0.0001,1.1426837263791767,1.1312737736120773,1.1540936791462761,0.4418305456825986,0.46516999340196996,0.41849109796322725,2.0244761233425317,10.006482615104131,0.4418305456825986,0.4418305456825986,0.4418305456825986,-0.009745959160103991,0.005,0.9969543322438061,0.993927578028856
30,es,0.007132916322690785,1,4.036458651861525,4.046205691757557,8.082664343619083,1.4189,4.036458651861524,4.046205691757557,8.016778128807818,0.00012138844317727161,0.00012138844317727161,0.0012217804474126369,0.0012217804474126369,0.0013431688905899085,0.0013431688905899085,0.0013431688905899085,0.0013431688905899085,0.0013431688905899085,0.00012138844317727161,0.0012217804474126369,0.017046503224599985,0.0001,1.135641924634808,1.1411012748053615,1.1301825744642542,0.4682553470589914,0.47232402322229916,0.46418667089568366,1.9857703154193027,10.045522325059059,0.4682553470589914,0.4682553470589914,0.4682553470589914,-0.017046503224599985,0.005,0.9906393378716937,0.9864060889127532
31,es,-0.012999946925411496,1,4.0362998033945665,4.063724976235228,8.100024779629795,1.4189,4.0362998033945665,4.063724976235228,8.025458346813176,0.0005702281757409525,0.0005702281757409525,0.0015458853238855394,0.0015458853238855394,0.002116113499626492,0.002116113499626492,0.002116113499626492,0.002116113499626492,0.002116113499626492,0.0005702281757409525,0.0015458853238855394,-0.02303037097155421,0.0001,1.1263198544878057,1.1220769240857755,1.1305627848898359,0.46039533895364393,0.46078270660564513,0.4600079713016427,2.0230492005731713,10.038446052834985,0.46039533895364393,0.46039533895364393,0.46039533895364393,0.02303037097155421,0.005,0.9777492416297389,0.971730880379027
32,es,-0.01803530664218914,1,4.053860693371005,3.975812846115392,8.029673539486398,1.4189,4.053860693371005,3.975812846115392,7.990282726741477,8.757854735129438e-05,8.757854735129438e-05,0.0004336752351141389,0.0004336752351141389,0.0005212537824654333,0.0005212537824654333,0.0005212537824654333,0.0005212537824654333,0.0005212537824654333,8.757854735129438e-05,0.0004336752351141389,-0.001031944871076551,0.0001,1.1496443409160984,1.1506944288811187,1.1485942529510782,0.44897537899762296,0.42492613420338987,0.47302462379185606,1.990190145100627,10.029447682372751,0.44897537899762296,0.44897537899762296,0.44897537899762296,0.001031944871076551,0.005,0.9887820597365078,0.9996946682229555
33,es,-0.015324960830116016,1,4.037677114087575,4.044409739197083,8.082086853284657,1.4189,4.037677114087575,4.044409739197084,8.016489383640607,0.00046998734446954165,0.00046998734446954165,2.185808450345028e-05,2.185808450345028e-05,0.000491845428972992,0.000491845428972992,0.000491845428972992,0.000491845428972992,0.000491845428972992,0.00046998734446954165,2.185808450345028e-05,0.003984665775895461,0.0001,1.1503695003762193,1.1436806018727446,1.157058398879694,0.4537026095217396,0.45573949211406806,0.4516657269294111,1.9978774809250535,9.996266973508037,0.4537026095217396,0.4537026095217396,0.4537026095217396,-0.003984665775895461,0.005,1.016582711675883,1.0038614087522801
34,es,-0.0018078382139122794,1,4.062586475291113,3.9883449965230455,8.050931471814158,1.4189,4.062586475291113,3.9883449965230455,8.000911692905358,0.00039518829603407934,0.00039518829603407934,0.0001301440255613304,0.0001301440255613304,0.0005253323215954097,0.0005253323215954097,0.0005253323215954097,0.0005253323215954097,0.0005253323215954097,0.00039518829603407934,0.0001301440255613304,0.008482006035613056,0.0001,1.1454224114121738,1.142358799200831,1.1484860236235166,0.4607779047052527,0.44907832481387455,0.47247748459663086,2.0117275524407052,10.015847165979919,0.4607779047052527,0.4607779047052527,0.4607779047052527,-0.008482006035613056,0.005,1.012998569662052,0.9978609760771325
35,es,0.004022229053537003,1,4.021201106466192,4.051756255255013,8.072957361721205,1.4189,4.021201106466192,4.051756255255013,8.01192463785888,9.461780759822184e-05,9.461780759822184e-05,0.00020141618542473112,0.00020141618542473112,0.00029603399302295295,0.00029603399302295295,0.00029603399302295295,0.00029603399302295295,0.00029603399302295295,9.461780759822184e-05,0.00020141618542473112,-0.016028037792919385,0.0001,1.1356574671591004,1.1397173551482653,1.1315975791699353,0.4756088399879057,0.4774534880385026,0.4737641919373088,2.011414433237813,10.020025992043895,0.4756088399879057,0.4756088399879057,0.4756088399879057,0.016028037792919385,0.005,1.0003333668492433,1.0009472539656579
36,es,-0.02405623280820808,1,4.016963282851497,4.057584212435062,8.07454749528656,1.4189,4.016963282851497,4.057584212435062,8.012719704641558,0.0001661365557767451,0.0001661365557767451,0.00031760801038749386,0.00031760801038749386,0.00048374456616423895,0.00048374456616423895,0.00048374456616423895,0.00048374456616423895,0.00048374456616423895,0.0001661365557767451,0.00031760801038749386,0.007938603915287433,0.0001,1.1387084701718266,1.127425469018819,1.1499914713248345,0.4632161429086108,0.47744473098471474,0.44898755483250685,1.982064905982847,10.019399333409028,0.4632161429086108,0.4632161429086108,0.4632161429086108,-0.007938603915287433,0.005,0.993079542528305,0.9886444001851585
37,es,-0.00324397413782521,1,4.035048134148863,4.02970210135673,8.064750235505592,1.4189,4.035048134148862,4.02970210135673,8.007821074751075,0.00018482897824586696,0.00018482897824586696,0.00032217319930037566,0.00032217319930037566,0.0005070021775462426,0.0005070021775462426,0.0005070021775462426,0.0005070021775462426,0.0005070021775462426,0.00018482897824586696,0.00032217319930037566,-0.03222339231024932,0.0001,1.127389566801051,1.1164614789456266,1.1383176546564755,0.4536130585700944,0.44491703531308424,0.4623090818271045,2.009105023419587,10.023753118474282,0.4536130585700944,0.4536130585700944,0.4536130585700944,0.03222339231024932,0.005,0.9831145605093454,0.9936766937549558
38,es,0.0013030817046100508,1,3.9905529421809716,3.9633822185820726,7.953935160763044,1.4189,3.990552942180971,3.963382218582072,7.9524135373798,0.0002855304596248849,0.0002855304596248849,0.00035214150436226044,0.00035214150436226044,0.0006376719639871453,0.0006376719639871453,0.0006376719639871453,0.0006376719639871453,0.0006376719639871453,0.0002855304596248849,0.00035214150436226044,0.006587269372821424,0.0001,1.1309962272090037,1.132455070653407,1.1295373837646003,0.4490839125738706,0.4490442007954867,0.4491236243522545,1.9920693438798676,10.021667940948506,0.4490839125738706,0.4490839125738706,0.4490839125738706,-0.006587269372821424,0.005,0.9791795543456141,0.9891848463652152
39,es,-0.004144424565154306,1,4.101498115920654,4.0303709028958234,8.131869018816477,1.4189,4.101498115920654,4.0303709028958234,8.041380466406517,0.00024149690355804778,0.00024149690355804778,0.0001110763243242929,0.0001110763243242929,0.00035257322788234067,0.00035257322788234067,0.00035257322788234067,0.00035257322788234067,0.00035257322788234067,0.00024149690355804778,0.0001110763243242929,-0.010461992150817079,0.0001,1.140784002880747,1.1441213564693065,1.1374466492921875,0.47378820957844336,0.45622548395782125,0.4913509351990655,1.9784801660941136,10.006136206212135,0.47378820957844336,0.47378820957844336,0.47378820957844336,0.010461992150817079,0.005,0.9922443767406026,1.009620054597842
40,es,-0.016009869487772384,1,3.930766656481373,4.13900385098788,8.069770507469253,1.4189,3.930766656481373,4.13900385098788,8.010331210732904,0.00021773637878140373,0.00021773637878140373,0.0001150894190901627,0.0001150894190901627,0.0003328257978715664,0.0003328257978715664,0.0003328257978715664,0.0003328257978715664,0.0003328257978715664,0.00021773637878140373,0.0001150894190901627,3.451905073078136e-05,0.0001,1.1487809876211723,1.146670077628804,1.150891897613541,0.46469834080185457,0.49647089674514433,0.4329257848585648,2.0177640133115666,9.994158090588625,0.46469834080185457,0.46469834080185457,0.46469834080185457,-3.451905073078136e-05,0.005,1.0025984021272627,1.0099171155484132
41,es,-0.002014716926191568,1,4.035760269540646,3.9888429988178165,8.024603268358462,1.4189,4.035760269540646,3.9888429988178165,7.987747591177509,0.00035625942971730557,0.00035625942971730557,0.00042273894238903126,0.00042273894238903126,0.0007789983721063368,0.0007789983721063368,0.0007789983721063368,0.0007789983721063368,0.0007789983721063368,0.00035625942971730557,0.00042273894238903126,0.001992460773199024,0.0001,1.1283041353349212,1.1263321112254274,1.130276159444415,0.4642128848443776,0.4587837855387491,0.46964198415000613,1.9959886657291195,10.028703352439365,0.4642128848443776,0.4642128848443776,0.4642128848443776,-0.001992460773199024,0.005,0.9764807119455806,0.9967156608326871
42,es,0.005072415127682254,1,4.0512876734513945,4.075138145305442,8.126425818756836,1.4189,4.0512876734513945,4.075138145305443,8.038658866376696,0.00011582364398210159,0.00011582364398210159,0.0007674316427598119,0.0007674316427598119,0.0008832552867419135,0.0008832552867419135,0.0008832552867419135,0.0008832552867419135,0.0008832552867419135,0.00011582364398210159,0.0007674316427598119,0.0012175792038495818,0.0001,1.128030163557733,1.1218567511628188,1.1342035759526474,0.4776743550757634,0.47561175837341274,0.47973695177811404,1.9869803029567066,10.031581488347152,0.4776743550757634,0.4776743550757634,0.4776743550757634,-0.0012175792038495818,0.005,1.0004614555517264,0.9836518219390001
43,es,-0.0005569127339352465,1,3.9956009005030637,3.9848552123671186,7.980456112870183,1.4189,3.995600900503064,3.9848552123671186,7.96567401343337,0.00039336094586018845,0.00039336094586018845,1.6404801486817294e-05,1.6404801486817294e-05,0.00040976574734700576,0.00040976574734700576,0.00040976574734700576,0.00040976574734700576,0.00040976574734700576,0.00039336094586018845,1.6404801486817294e-05,0.021301770860713266,0.0001,1.1465802917167556,1.1449884476727912,1.14817213576072,0.4474623587315585,0.4406346571892783,0.45429006027383867,2.0142849106126204,10.002753868002607,0.4474623587315585,0.4474623587315585,0.4474623587315585,-0.021301770860713266,0.005,1.0119881522598027,0.9964504985483498
44,es,-0.016698125964583775,1,4.054948835354541,3.8950339883745104,7.9499828237290515,1.4189,4.054948835354541,3.8950339883745104,7.950437368862804,1.6278472014388242e-06,1.6278472014388242e-06,0.0003380971271102188,0.0003380971271102188,0.00033972497431165763,0.00033972497431165763,0.00033972497431165763,0.00033972497431165763,0.00033972497431165763,1.6278472014388242e-06,0.0003380971271102188,-0.00011264442963166805,0.0001,1.1432178174688028,1.1381960744654982,1.1482395604721074,0.4527231720596343,0.4293263335336608,0.4761200105856078,2.00091955753782,10.01662430494766,0.4527231720596343,0.4527231720596343,0.4527231720596343,0.00011264442963166805,0.005,0.9960784047274108,0.9858943687487219
45,es,0.006593756640216626,1,3.971253088704268,4.044674992187282,8.01592808089155,1.4189,3.9712530887042683,4.044674992187282,7.9834099974440536,0.0004010460834702174,0.0004010460834702174,8.882230266178252e-05,8.882230266178252e-05,0.0004898683861319999,0.0004898683861319999,0.0004898683861319999,0.0004898683861319999,0.0004898683861319999,0.0004010460834702174,8.882230266178252e-05,-0.002208730238881756,0.0001,1.1450114022871618,1.1487810937754936,1.14124171079883,0.4466077433895146,0.4643928864319502,0.428822600347079,1.9783301802457023,10.012556410572916,0.4466077433895146,0.4466077433895146,0.4466077433895146,0.002208730238881756,0.005,1.0077520839906564,1.003162609495285
46,es,-0.010182728571923504,1,3.9819235045936194,3.988436375471337,7.970359880064956,1.4189,3.981923504593619,3.9884363754713372,7.960625897030757,0.0002780876062523497,0.0002780876062523497,0.00018149173469450197,0.00018149173469450197,0.0004595793409468517,0.0004595793409468517,0.0004595793409468517,0.0004595793409468517,0.0004595793409468517,0.0002780876062523497,0.00018149173469450197,0.013268630608340326,0.0001,1.1492980936877895,1.1460784500061023,1.1525177373694766,0.442775899563685,0.44242216273127966,0.4431296363960904,1.9832925365322183,10.012983209667572,0.442775899563685,0.442775899563685,0.442775899563685,-0.013268630608340326,0.005,1.006660753481675,0.9901566979645803
47,es,0.016244278478481894,1,4.037677534655117,4.049825565749339,8.087503100404456,1.4189,4.037677534655117,4.049825565749339,8.019197507200506,0.00010086825559027018,0.00010086825559027018,4.6810923820523966e-05,4.6810923820523966e-05,0.00014767917941079414,0.00014767917941079414,0.00014767917941079414,0.00014767917941079414,0.00014767917941079414,0.00010086825559027018,4.6810923820523966e-05,-0.020199802426537895,0.0001,1.129938800289974,1.1313517631213226,1.1285258374586253,0.4698250573505698,0.4822264327402994,0.45742368196084016,2.003079553182406,10.004972796189659,0.4698250573505698,0.4698250573505698,0.4698250573505698,0.020199802426537895,0.005,1.0047562023031456,0.994136547031744
48,es,0.009977037929327104,1,4.0353452188301295,4.129533762827511,8.16487898165764,1.4189,4.035345218830129,4.129533762827512,8.057885447827099,5.2643619358970554e-05,5.2643619358970554e-05,1.4867920170501261e-05,1.4867920170501261e-05,6.751153952947181e-05,6.751153952947181e-05,6.751153952947181e-05,6.751153952947181e-05,6.751153952947181e-05,5.2643619358970554e-05,1.4867920170501261e-05,-8.529412426897034e-05,0.0001,1.1348816689165422,1.1390094394100507,1.1307538984230334,0.47863451139144075,0.4910543405441272,0.4662146822387543,2.0018028486288575,10.00542151408627,0.47863451139144075,0.47863451139144075,0.47863451139144075,8.529412426897034e-05,0.005,0.9878900688737082,1.000415375220131
49,es,-0.02017446162144655,1,4.0977946869440744,4.0180579939874965,8.115852680931571,1.4189,4.097794686944074,4.018057993987497,8.033372297464064,2.466645735173134e-06,2.466645735173134e-06,0.0006123294331583005,0.0006123294331583005,0.0006147960788934736,0.0006147960788934736,0.0006147960788934736,0.0006147960788934736,0.0006147960788934736,2.466645735173134e-06,0.0006123294331583005,-0.04386575973449538,0.0001,1.1409813561888904,1.124712618262819,1.157250094114962,0.47581653486425557,0.46251424024771026,0.4891188294808009,2.0018923276448315,10.02891762251916,0.47581653486425557,0.47581653486425557,0.47581653486425557,0.04386575973449538,0.005,0.9957953380130312,0.9860963805190449
50,es,0.010730223073019915,1,4.11717421367126,4.064119206509786,8.181293420181046,1.4189,4.117174213671259,4.064119206509787,8.066092667088801,4.8010912227790605e-06,4.8010912227790605e-06,0.00014446820506250192,0.00014446820506250192,0.00014926929628528097,0.00014926929628528097,0.00014926929628528097,0.00014926929628528097,0.00014926929628528097,4.8010912227790605e-06,0.00014446820506250192,-0.001058453260988662,0.0001,1.139953638655499,1.1457021428127274,1.1342051344982704,0.47806953755983184,0.4698821994933482,0.4862568756263155,2.0001575418767596,10.016407904207238,0.47806953755983184,0.47806953755983184,0.47806953755983184,0.001058453260988662,0.005,0.9971657685247783,1.0031416327775595
51,es,-0.008284827498371356,1,3.9224707526528797,4.033552305532458,7.9560230581853375,1.4189,3.9224707526528797,4.033552305532458,7.953457486090947,2.2840228415911248e-05,2.2840228415911248e-05,0.0004351835443296646,0.0004351835443296646,0.0004580237727455758,0.0004580237727455758,0.0004580237727455758,0.0004580237727455758,0.0004580237727455758,2.2840228415911248e-05,0.0004351835443296646,-0.0013964559895172854,0.0001,1.1464518077353847,1.1521737040148254,1.1407299114559442,0.44342314631505175,0.46800629174236086,0.41884000088774265,1.9999187013097122,10.028801188054713,0.44342314631505175,0.44342314631505175,0.44342314631505175,0.0013964559895172854,0.005,0.9902362833341323,0.9954834181430853
52,es,0.010811546161768795,1,3.968443852132837,4.053070265449434,8.02151411758227,1.4189,3.9684438521328365,4.053070265449435,7.986203015789414,0.0008439180018807787,0.0008439180018807787,0.0005514587832533178,0.0005514587832533178,0.0013953767851340964,0.0013953767851340964,0.0013953767851340964,0.0013953767851340964,0.0013953767851340964,0.0008439180018807787,0.0005514587832533178,-0.0032168905732302545,0.0001,1.1375920010469966,1.1291320145127164,1.146051987581277,0.4583056428594512,0.47113616075289055,0.4454751249660118,2.005182930173791,10.033209579318514,0.4583056428594512,0.4583056428594512,0.4583056428594512,0.0032168905732302545,0.005,1.0237952081925585,0.9998526789812373
53,es,-0.00959821307895771,1,4.020981701364176,4.0650691882632515,8.086050889627428,1.4189,4.020981701364176,4.0650691882632515,8.018471401811993,1.2734042884643912e-05,1.2734042884643912e-05,0.0005738341605919038,0.0005738341605919038,0.0005865682034765477,0.0005865682034765477,0.0005865682034765477,0.0005865682034765477,0.0005865682034765477,1.2734042884643912e-05,0.0005738341605919038,-0.007921012772021098,0.0001,1.1366414080959808,1.1260757438898386,1.147207072302123,0.4597904023128332,0.46692001891035595,0.45266078571531043,1.999593028019764,10.02438908551388,0.4597904023128332,0.4597904023128332,0.4597904023128332,0.007921012772021098,0.005,0.9985285846650757,0.983420400474828
54,es,-0.002877390808895804,1,3.963275379454911,4.001695517316358,7.96497089677127,1.4189,3.963275379454911,4.001695517316358,7.957931405383913,0.0003283971291158864,0.0003283971291158864,7.502418633915928e-05,7.502418633915928e-05,0.0004034213154550457,0.0004034213154550457,0.0004034213154550457,0.0004034213154550457,0.0004034213154550457,0.0003283971291158864,7.502418633915928e-05,0.031265748088722435,0.0001,1.1291852220372682,1.1262054631733245,1.1321649809012118,0.44609680164360954,0.4514954480131781,0.440698155274041,1.9935524262870814,10.008145769254963,0.44609680164360954,0.44609680164360954,0.44609680164360954,-0.031265748088722435,0.005,0.9775936979196118,0.9935379552402949
55,es,0.016627115949203148,1,4.054327218151021,4.015053589074868,8.069380807225889,1.4189,4.05432721815102,4.015053589074869,8.010136360611224,0.00045039527203604216,0.00045039527203604216,0.00040816490715633906,0.00040816490715633906,0.0008585601791923812,0.0008585601791923812,0.0008585601791923812,0.0008585601791923812,0.0008585601791923812,0.00045039527203604216,0.00040816490715633906,-0.031929430273943016,0.0001,1.1312118712515686,1.123781386387023,1.138642356116114,0.463538432850636,0.460371118331782,0.46670574736949,2.0087351976848784,10.015457117332975,0.463538432850636,0.463538432850636,0.463538432850636,0.031929430273943016,0.005,1.0152478610129403,0.9830570793774869
56,es,0.005244231744304376,1,4.030425905024302,3.9318167640771478,7.96224266910145,1.4189,4.030425905024302,3.9318167640771473,7.956567291549003,0.00027770612233408705,0.00027770612233408705,0.00021832200721465548,0.00021832200721465548,0.0004960281295487425,0.0004960281295487425,0.0004960281295487425,0.0004960281295487425,0.0004960281295487425,0.00027770612233408705,0.00021832200721465548,0.003248977597133084,0.0001,1.1320827409346226,1.1207517414820298,1.1434137403872153,0.45424816003226187,0.4370004672317478,0.47149585283277595,1.9922211630553261,10.008668141003135,0.45424816003226187,0.45424816003226187,0.45424816003226187,-0.003248977597133084,0.005,1.010670295418092,0.9865857577165246
57,es,0.019041548432822363,1,4.045752303646142,4.112972371389503,8.158724675035646,1.4189,4.045752303646141,4.112972371389503,8.0548082945161,0.0002948489740551653,0.0002948489740551653,0.00018292411458841626,0.00018292411458841626,0.00047777308864358154,0.00047777308864358154,0.00047777308864358154,0.00047777308864358154,0.00047777308864358154,0.0002948489740551653,0.00018292411458841626,0.010407855080811391,0.0001,1.1331748701518127,1.133813212221351,1.1325365280822746,0.4741912606787335,0.4829872008458027,0.4653953205116643,1.9782377928373547,10.018880767959953,0.4741912606787335,0.4741912606787335,0.4741912606787335,-0.010407855080811391,0.005,1.0024198954957821,0.9978366611273032
58,es,0.014154811822658408,1,4.010252716383056,4.04885047099991,8.059103187382966,1.4189,4.0102527163830555,4.048850470999911,8.004997550689762,5.643598798820407e-05,5.643598798820407e-05,0.00012094662270594764,0.00012094662270594764,0.0001773826106941517,0.0001773826106941517,0.0001773826106941517,0.0001773826106941517,0.0001773826106941517,5.643598798820407e-05,0.00012094662270594764,-0.027645397342986877,0.0001,1.129616006507785,1.1352715744968023,1.1239604385187678,0.4655712433706727,0.46933349729565244,0.46180898944569293,1.9894390294103084,10.009682046570905,0.4655712433706727,0.4655712433706727,0.4655712433706727,0.027645397342986877,0.005,0.9953123828843301,0.9914056046066855
59,es,-0.03367689225278763,1,4.152360032124905,3.9511219907755977,8.103482022900502,1.4189,4.152360032124905,3.9511219907755977,8.02718696844853,0.0001899181073970682,0.0001899181073970682,0.0002551654116189007,0.0002551654116189007,0.0004450835190159689,0.0004450835190159689,0.0004450835190159689,0.0004450835190159689,0.0004450835190159689,0.0001899181073970682,0.0002551654116189007,0.004529114314412684,0.0001,1.144300631742027,1.1310536542746126,1.1575476092094417,0.4648685478417831,0.4333061656932413,0.4964309299903249,1.984197991074077,10.000124580035076,0.4648685478417831,0.4648685478417831,0.4648685478417831,-0.004529114314412684,0.005,0.9870502049592518,0.9840690674209833
60,es,0.024147173515612567,1,4.061145422868259,4.0797496627404275,8.140895085608687,1.4189,4.061145422868259,4.0797496627404275,8.045893499802622,3.463445077282736e-05,3.463445077282736e-05,9.383090093712104e-05,9.383090093712104e-05,0.0001284653517099484,0.0001284653517099484,0.0001284653517099484,0.0001284653517099484,0.0001284653517099484,3.463445077282736e-05,9.383090093712104e-05,-0.006193094919194698,0.0001,1.1291494133193325,1.1365397986341312,1.121759028004534,0.47361893069910854,0.4801250033827227,0.4671128580154944,2.0082783662560635,10.010883211527684,0.47361893069910854,0.47361893069910854,0.47361893069910854,0.006193094919194698,0.005,0.9951405173684302,0.9941227740526154
61,es,-0.000783715876256769,1,4.057082514596404,4.074581976451782,8.131664491048186,1.4189,4.057082514596404,4.074581976451782,8.04127820252237,0.0004794363531609769,0.0004794363531609769,2.5127138078867173e-05,2.5127138078867173e-05,0.000504563491239844,0.000504563491239844,0.000504563491239844,0.000504563491239844,0.000504563491239844,0.0004794363531609769,2.5127138078867173e-05,-0.017413519587945767,0.0001,1.1351082608770007,1.133508544044271,1.1367079777097304,0.4698641104943033,0.4746064751271568,0.46512174586144983,2.0269409729759267,10.003679967543242,0.4698641104943033,0.4698641104943033,0.4698641104943033,0.017413519587945767,0.005,1.0055765639984904,1.0042875688344883
62,es,0.0033410380865300147,1,4.039338578674541,3.9515118698804144,7.990850448554955,1.4189,4.03933857867454,3.9515118698804144,7.970871181275756,5.503560205260957e-06,5.503560205260957e-06,0.00022469714972822807,0.00022469714972822807,0.00023020070993348904,0.00023020070993348904,0.00023020070993348904,0.00023020070993348904,0.00023020070993348904,5.503560205260957e-06,0.00022469714972822807,0.00234262176337734,0.0001,1.1342295406081644,1.1348793355120923,1.1335797457042367,0.45426485385907256,0.4397841846686088,0.4687455230495363,1.9972323145421131,10.019996956241265,0.45426485385907256,0.45426485385907256,0.45426485385907256,-0.00234262176337734,0.005,0.9937151193189435,0.9950282896557308
63,es,0.0009463112404836264,1,4.102597191047022,4.059893320182095,8.162490511229116,1.4189,4.102597191047021,4.059893320182095,8.056691212612836,0.00026554231436014524,0.00026554231436014524,0.0003436589703394695,0.0003436589703394695,0.0006092012846996148,0.0006092012846996148,0.0006092012846996148,0.0006092012846996148,0.0006092012846996148,0.00026554231436014524,0.0003436589703394695,0.0007520247858497602,0.0001,1.1332570153835864,1.1187492829630576,1.147764747804115,0.4788645689611304,0.4627407814470743,0.49498835647518646,1.9794674432977344,10.026051515558475,0.4788645689611304,0.4788645689611304,0.4788645689611304,-0.0007520247858497602,0.005,1.0022138253606203,0.9979224424213233
64,es,-0.002585665355046993,1,3.979192733573785,3.9836683512016196,7.962861084775405,1.4189,3.9791927335737847,3.98366835120162,7.956876499385981,0.00021065504764942715,0.00021065504764942715,0.0002089842321595107,0.0002089842321595107,0.0004196392798089378,0.0004196392798089378,0.0004196392798089378,0.0004196392798089378,0.0004196392798089378,0.00021065504764942715,0.0002089842321595107,-0.02744427349872236,0.0001,1.14739564445195,1.151920820366425,1.1428704685374746,0.4468155401444389,0.4518518663264892,0.4417792139623886,2.005191541243179,10.018006895022635,0.4468155401444389,0.4468155401444389,0.4468155401444389,0.02744427349872236,0.005,1.0089868303430314,0.9931623113786853
65,es,0.006804467504600347,1,3.9992784635454597,4.064982038842995,8.064260502388455,1.4189,3.9992784635454597,4.064982038842995,8.007576208192505,0.0001673240254696629,0.0001673240254696629,0.0015140522598198396,0.0015140522598198396,0.0016813762852895026,0.0016813762852895026,0.0016813762852895026,0.0016813762852895026,0.0016813762852895026,0.0001673240254696629,0.0015140522598198396,0.0006899609838440498,0.0001,1.1445878222770969,1.148917776193058,1.1402578683611357,0.4617397599777462,0.48051568807336853,0.44296383188212385,1.9818061285132165,10.049294694326354,0.4617397599777462,0.4617397599777462,0.4617397599777462,-0.0006899609838440498,0.005,0.995366018294866,0.9827564982116362
66,es,-0.006539252772278792,1,4.071655181259502,3.9457142491593236,8.017369430418826,1.4189,4.071655181259501,3.9457142491593236,7.984130672207691,3.794235616284155e-05,3.794235616284155e-05,0.00044722576624960065,0.00044722576624960065,0.0004851681224124422,0.0004851681224124422,0.0004851681224124422,0.0004851681224124422,0.0004851681224124422,3.794235616284155e-05,0.00044722576624960065,-0.017014374523114845,0.0001,1.1262757794834801,1.1203644674045683,1.132187091562392,0.4610112697638784,0.42539502481109803,0.4966275147166588,2.003067395339092,10.016062417811257,0.4610112697638784,0.4610112697638784,0.4610112697638784,0.017014374523114845,0.005,0.9892606333414821,0.9822144604268447
67,es,0.0019283845094544255,1,4.042267470306957,4.096585661854161,8.138853132161117,1.4189,4.042267470306957,4.096585661854162,8.044872523078837,0.00017551320956587653,0.00017551320956587653,0.0008047708240976001,0.0008047708240976001,0.0009802840336634766,0.0009802840336634766,0.0009802840336634766,0.0009802840336634766,0.0009802840336634766,0.00017551320956587653,0.0008047708240976001,0.013258720094833273,0.0001,1.1293211849879088,1.1247354695800063,1.1339069003958113,0.46717540285979897,0.47307071842040926,0.4612800872991887,1.9958999001597617,10.036727677509568,0.46717540285979897,0.46717540285979897,0.46717540285979897,-0.013258720094833273,0.005,0.982156262805987,0.9886064310651744
68,es,0.001770957349368933,1,4.064370103194439,4.003609695263599,8.067979798458037,1.4189,4.064370103194438,4.003609695263599,8.009435856227297,0.0004837399854132555,0.0004837399854132555,0.0006290795136545532,0.0006290795136545532,0.0011128194990678087,0.0011128194990678087,0.0011128194990678087,0.0011128194990678087,0.0011128194990678087,0.0004837399854132555,0.0006290795136545532,-0.0060855068279234426,0.0001,1.1371669767712378,1.1471148726692588,1.1272190808732165,0.45868674904574913,0.446371544753446,0.4710019533380523,1.9715917461105716,10.033929115218754,0.45868674904574913,0.45868674904574913,0.45868674904574913,0.0060855068279234426,0.005,0.9863174099944826,1.0073224478345264
69,es,-0.013479521081009627,1,4.058715553891711,4.034130932098259,8.09284648598997,1.4189,4.058715553891711,4.034130932098259,8.021869199993263,2.1246253192373964e-05,2.1246253192373964e-05,0.000328166957799237,0.000328166957799237,0.000349413210991611,0.000349413210991611,0.000349413210991611,0.000349413210991611,0.000349413210991611,2.1246253192373964e-05,0.000328166957799237,0.0029281040643717635,0.0001,1.1309217909303748,1.111943531140333,1.149900050720417,0.46553846099498086,0.46593878888961004,0.4651381331003517,2.0059802938609157,10.010745375758185,0.46553846099498086,0.46553846099498086,0.46553846099498086,-0.0029281040643717635,0.005,0.993212343577937,0.9836003698413404
70,es,0.005780523527228192,1,4.034901765924569,4.100685107410935,8.135586873335503,1.4189,4.034901765924568,4.100685107410936,8.043239393666031,7.482588685949956e-05,7.482588685949956e-05,0.00043441965295184945,0.00043441965295184945,0.000509245539811349,0.000509245539811349,0.000509245539811349,0.000509245539811349,0.000509245539811349,7.482588685949956e-05,0.00043441965295184945,0.020888103993643242,0.0001,1.1384762510803745,1.1421614469978318,1.134791055162917,0.46990097593517577,0.480313258414629,0.4594886934557225,2.007399319035461,10.029453104863133,0.46990097593517577,0.46990097593517577,0.46990097593517577,-0.020888103993643242,0.005,1.0018292505033939,1.0008234964378155
71,es,0.005272437024952772,1,3.9962926157525924,3.9921178338194956,7.988410449572088,1.4189,3.996292615752593,3.992117833819495,7.9696511817843225,0.00014269577569026953,0.00014269577569026953,0.00014435884071295572,0.00014435884071295572,0.00028705461640322525,0.00028705461640322525,0.00028705461640322525,0.00028705461640322525,0.00028705461640322525,0.00014269577569026953,0.00014435884071295572,-0.002816875032213966,0.0001,1.1378238231765634,1.1401716124332437,1.135476033919883,0.4558560076871929,0.4527138000845312,0.4589982152898546,1.9853072727071719,10.016920665190069,0.4558560076871929,0.4558560076871929,0.4558560076871929,0.002816875032213966,0.005,1.0007663708703143,1.0010981013757894
72,es,-0.007678740269900537,1,4.035333103399345,4.048440735841699,8.083773839241044,1.4189,4.035333103399344,4.0484407358417,8.0173328766188,0.000466357202080167,0.000466357202080167,0.0002031394721721765,0.0002031394721721765,0.0006694966742523435,0.0006694966742523435,0.0006694966742523435,0.0006694966742523435,0.0006694966742523435,0.000466357202080167,0.0002031394721721765,-0.0035532891764593136,0.0001,1.1498780931880472,1.1555650054092028,1.1441911809668917,0.45901726535028065,0.4655145780306338,0.4525199526699275,2.029936857752127,9.999755947356737,0.45901726535028065,0.45901726535028065,0.45901726535028065,0.0035532891764593136,0.005,0.9986757520383874,1.0142853823015332
73,es,0.01316081168926259,1,4.069852449199999,3.969154632682365,8.039007081882364,1.4189,4.069852449199999,3.9691546326823643,7.99494949793946,8.453283561577086e-05,8.453283561577086e-05,2.1718029215791923e-05,2.1718029215791923e-05,0.00010625086483156278,0.00010625086483156278,0.00010625086483156278,0.00010625086483156278,0.00010625086483156278,8.453283561577086e-05,2.1718029215791923e-05,0.011447035209229248,0.0001,1.1378621913282783,1.1366957908030746,1.1390285918534817,0.46605972921434535,0.4455528595238558,0.4865665989048349,1.998790564041536,10.006590744216757,0.46605972921434535,0.46605972921434535,0.46605972921434535,-0.011447035209229248,0.005,1.004109371647858,0.9999913644930537
74,es,-0.018457305932503665,1,4.096737023219428,4.079665753539496,8.176402776758923,1.4189,4.096737023219427,4.079665753539496,8.06364734537774,3.181220068493739e-05,3.181220068493739e-05,0.00031498196591304344,0.00031498196591304344,0.00034679416659798084,0.00034679416659798084,0.00034679416659798084,0.00034679416659798084,0.00034679416659798084,3.181220068493739e-05,0.00031498196591304344,-0.007584919099047238,0.0001,1.1450463108295903,1.1417902698383975,1.1483023518207833,0.4760056935562531,0.47867464297379136,0.47333674413871485,1.9936558182983637,10.016141638639446,0.4760056935562531,0.4760056935562531,0.4760056935562531,0.007584919099047238,0.005,0.9916172884787826,1.0136213303539747
75,es,0.0048912811956486335,1,3.963293766790595,4.005624061310772,7.968917828101366,1.4189,3.963293766790595,4.0056240613107725,7.959904871048963,6.869693636260923e-05,6.869693636260923e-05,4.542978030909053e-05,4.542978030909053e-05,0.00011412671667169975,0.00011412671667169975,0.00011412671667169975,0.00011412671667169975,0.00011412671667169975,6.869693636260923e-05,4.542978030909053e-05,0.004425710034228528,0.0001,1.142450410195106,1.1452829485558682,1.1396178718343442,0.44221642862044286,0.4479333311708391,0.4364995260700466,2.00848905941007,10.008334268428221,0.44221642862044286,0.44221642862044286,0.44221642862044286,-0.004425710034228528,0.005,1.000647772786795,0.9967305829906218
76,es,-0.00667515391024649,1,3.998381627257318,3.9965936746828854,7.994975301940203,1.4189,3.998381627257318,3.996593674682886,7.972933607968381,4.8494372095378456e-05,4.8494372095378456e-05,0.000587712366250834,0.000587712366250834,0.0006362067383462125,0.0006362067383462125,0.0006362067383462125,0.0006362067383462125,0.0006362067383462125,4.8494372095378456e-05,0.000587712366250834,0.012793848491043404,0.0001,1.1354981874730545,1.1353589695463613,1.1356374053997476,0.45345160647617133,0.4492361378615488,0.45766707509079385,2.0085127301476007,10.03414542885193,0.45345160647617133,0.45345160647617133,0.45345160647617133,-0.012793848491043404,0.005,0.9915576281611805,0.9978194611976641
77,es,0.0007761654591144602,1,4.044122200776684,3.9121156750322204,7.956237875808904,1.4189,4.044122200776684,3.91211567503222,7.953564894902731,0.00010899180403275982,0.00010899180403275982,6.956956441733921e-05,6.956956441733921e-05,0.00017856136845009903,0.00017856136845009903,0.00017856136845009903,0.00017856136845009903,0.00017856136845009903,0.00010899180403275982,6.956956441733921e-05,0.018622198730415453,0.0001,1.1472217310435409,1.1527206570404922,1.1417228050465895,0.44545878727536437,0.4213213924987258,0.46959618205200293,2.0003741782284727,9.993681673078095,0.44545878727536437,0.44545878727536437,0.44545878727536437,-0.018622198730415453,0.005,1.0053896983402564,0.9929648555766104
78,es,-0.049813613522655065,1,3.9704221101897734,3.9883238190387553,7.958745929228529,1.4189,3.9704221101897734,3.9883238190387558,7.954818921612543,0.00015678656068960335,0.00015678656068960335,0.00012772463282581504,0.00012772463282581504,0.0002845111935154184,0.0002845111935154184,0.0002845111935154184,0.0002845111935154184,0.0002845111935154184,0.00015678656068960335,0.00012772463282581504,-0.014172900190539782,0.0001,1.1339960299320138,1.1142114311361573,1.1537806287278702,0.4448838478891979,0.44265679499488453,0.44711090078351123,2.0021544462237455,10.005101895024739,0.4448838478891979,0.4448838478891979,0.4448838478891979,0.014172900190539782,0.005,0.9826479265022814,0.9893088663407535
79,es,0.0006208691701470874,1,4.125997218509442,3.922018762436517,8.048015980945959,1.4189,4.125997218509442,3.9220187624365166,7.999453947471258,0.0003529125040497215,0.0003529125040497215,0.00041220507745292836,0.00041220507745292836,0.0007651175815026499,0.0007651175815026499,0.0007651175815026499,0.0007651175815026499,0.0007651175815026499,0.0003529125040497215,0.00041220507745292836,0.015127625749332152,0.0001,1.1299914810495055,1.1269704582483167,1.1330125038506946,0.46381819564308646,0.43424478332002714,0.4933916079661458,2.0254161235637946,10.028313208620371,0.46381819564308646,0.46381819564308646,0.46381819564308646,-0.015127625749332152,0.005,0.9898542876959884,1.0033763863129685
80,es,-0.020908725178580657,1,3.9875973247535486,4.093577003900317,8.081174328653866,1.4189,3.987597324753548,4.093577003900318,8.016033121325211,0.00017947932673604514,0.00017947932673604514,0.0001897694878885913,0.0001897694878885913,0.00036924881462463644,0.00036924881462463644,0.00036924881462463644,0.00036924881462463644,0.00036924881462463644,0.00017947932673604514,0.0001897694878885913,0.022982724793173162,0.0001,1.1553988316380166,1.1577280228581073,1.1530696404179257,0.4552197101792297,0.46331039324053336,0.447129027117926,1.9886355166380458,10.013154553152093,0.4552197101792297,0.4552197101792297,0.4552197101792297,-0.022982724793173162,0.005,1.0056416251342268,1.0101783189909936
81,es,-0.005654340279785202,1,4.068438993751662,4.058019026711603,8.126458020463264,1.4189,4.068438993751661,4.058019026711603,8.03867496722991,3.493009193816502e-05,3.493009193816502e-05,0.00018131242624066282,0.00018131242624066282,0.00021624251817882784,0.00021624251817882784,0.00021624251817882784,0.00021624251817882784,0.00021624251817882784,3.493009193816502e-05,0.00018131242624066282,-0.009084662299898405,0.0001,1.1375951617797653,1.1373557427931609,1.13783458076637,0.4767168299832907,0.46686025329554237,0.486573406671039,2.0039766850896763,9.980981857479795,0.4767168299832907,0.4767168299832907,0.4767168299832907,0.009084662299898405,0.005,0.9898271498383436,1.00068458809126
82,es,0.008855676454825642,1,3.962306564429448,4.1229149875068805,8.085221551936328,1.4189,3.9623065644294475,4.122914987506881,8.018056732966443,3.374979315375558e-05,3.374979315375558e-05,0.0005175032543469722,0.0005175032543469722,0.0005512530475007278,0.0005512530475007278,0.0005512530475007278,0.0005512530475007278,0.0005512530475007278,3.374979315375558e-05,0.0005175032543469722,-0.004777385109848564,0.0001,1.1388255286174434,1.1384475479742804,1.1392035092606063,0.4619045440452658,0.48413274127043326,0.4396763468200984,2.0025724838496886,10.023355600243217,0.4619045440452658,0.4619045440452658,0.4619045440452658,0.004777385109848564,0.005,1.0004792235556266,0.984396128646532
83,es,-0.005968081184562638,1,3.958475023319315,4.065550472144016,8.02402549546333,1.4189,3.958475023319315,4.065550472144016,7.987458704729944,0.0007765991225896666,0.0007765991225896666,0.0002698510335796207,0.0002698510335796207,0.0010464501561692873,0.0010464501561692873,0.0010464501561692873,0.0010464501561692873,0.0010464501561692873,0.0007765991225896666,0.0002698510335796207,-0.014628986317377806,0.0001,1.14170477353252,1.1325440420638038,1.1508655050012362,0.4535948410447812,0.47092341479871713,0.4362662672908453,1.9846560980231036,10.02289951156764,0.4535948410447812,0.4535948410447812,0.4535948410447812,0.014628986317377806,0.005,1.0206125599851947,1.0027686238952007
84,es,0.00776751652479006,1,4.146029396391886,4.0363472468686314,8.182376643260518,1.4189,4.146029396391885,4.0363472468686314,8.066634278628538,0.0004360227093368126,0.0004360227093368126,0.00012268150634332512,0.00012268150634332512,0.0005587042156801377,0.0005587042156801377,0.0005587042156801377,0.0005587042156801377,0.0005587042156801377,0.0004360227093368126,0.00012268150634332512,-0.002485947095060736,0.0001,1.1483296396597886,1.15008294017982,1.1465763391397574,0.4846044251322943,0.46491584005856357,0.504293010206025,1.9873028299393256,9.996442445238182,0.4846044251322943,0.4846044251322943,0.4846044251322943,0.002485947095060736,0.005,1.0137823196152431,1.010806092911862
85,es,-0.004025284489957008,1,4.011906103045384,3.9859281017582413,7.997834204803626,1.4189,4.0119061030453835,3.9859281017582417,7.974363059400091,9.401492288838905e-05,9.401492288838905e-05,0.0003715097498011101,0.0003715097498011101,0.00046552467268949914,0.00046552467268949914,0.00046552467268949914,0.00046552467268949914,0.00046552467268949914,9.401492288838905e-05,0.0003715097498011101,-0.00447571296393769,0.0001,1.1232028552859719,1.1177371048712688,1.1286686057006747,0.45950612156435433,0.4528469463285525,0.46616529680015617,2.0041378319698953,10.019615128160401,0.45950612156435433,0.45950612156435433,0.45950612156435433,0.00447571296393769,0.005,0.9858084364443517,0.9866458896001881
86,es,0.007504897713714786,1,4.084227702107549,4.048993808331931,8.13322151043948,1.4189,4.084227702107549,4.048993808331931,8.042056712218018,0.00038518823112294957,0.00038518823112294957,0.0002244880672638862,0.0002244880672638862,0.0006096762983868358,0.0006096762983868358,0.0006096762983868358,0.0006096762983868358,0.0006096762983868358,0.00038518823112294957,0.0002244880672638862,0.003309132033263855,0.0001,1.1349747874437097,1.1337446697656002,1.1362049051218193,0.47115653573267924,0.46246816622106834,0.47984490524429013,2.025310098731728,10.018783048772224,0.47115653573267924,0.47115653573267924,0.47115653573267924,-0.003309132033263855,0.005,1.0028102396631824,0.9930735103199376
87,es,0.0009855763550582204,1,4.102968588326522,3.8896415130525903,7.992610101379112,1.4189,4.102968588326522,3.8896415130525903,7.9717510076878355,0.00016422099732091842,0.00016422099732091842,0.00011085327663029452,0.00011085327663029452,0.00027507427395121294,0.00027507427395121294,0.00027507427395121294,0.00027507427395121294,0.00027507427395121294,0.00016422099732091842,0.00011085327663029452,-0.005024211203049337,0.0001,1.1277660041875177,1.1192618962327596,1.136270112142276,0.45903949971881675,0.41489248704917703,0.5031865123884565,2.0144030241603614,10.014678885379556,0.45903949971881675,0.45903949971881675,0.45903949971881675,0.005024211203049337,0.005,1.002669052342265,0.9982343269188235
88,es,0.021287654755964426,1,4.045597168582057,4.023930749379919,8.069527917961976,1.4189,4.045597168582056,4.02393074937992,8.010209915979267,7.083249832340762e-05,7.083249832340762e-05,0.0004549418350203414,0.0004549418350203414,0.000525774333343749,0.000525774333343749,0.000525774333343749,0.000525774333343749,0.000525774333343749,7.083249832340762e-05,0.0004549418350203414,-0.010869929599401647,0.0001,1.1248787161095373,1.1353306834346737,1.1144267487844006,0.4662602555157074,0.46476535980070643,0.4677551512307083,2.005657551066876,10.023484689827127,0.4662602555157074,0.4662602555157074,0.4662602555157074,0.010869929599401647,0.005,0.9876398117750665,1.0134154503428794
89,es,-0.001188893546518329,1,4.0334880028806905,4.100314838232311,8.133802841113003,1.4189,4.03348800288069,4.100314838232311,8.04234737755478,5.5553210887607224e-05,5.5553210887607224e-05,0.0002659315727248005,0.0002659315727248005,0.00032148478361240774,0.00032148478361240774,0.00032148478361240774,0.00032148478361240774,0.00032148478361240774,5.5553210887607224e-05,0.0002659315727248005,-0.017223982327846082,0.0001,1.1361004595097868,1.1414108240470224,1.1307900949725511,0.47103218089340926,0.4751570474053235,0.466907314381495,1.9997777985182519,10.018131246407899,0.47103218089340926,0.47103218089340926,0.47103218089340926,0.017223982327846082,0.005,1.0024110675906572,0.9899392100979569
90,es,0.02407590661805808,1,4.078310184323642,4.051467261147846,8.129777445471488,1.4189,4.078310184323641,4.051467261147847,8.040334679734023,3.6908316303513424e-05,3.6908316303513424e-05,9.375655159315084e-05,9.375655159315084e-05,0.00013066486789666427,0.00013066486789666427,0.00013066486789666427,0.00013066486789666427,0.00013066486789666427,3.6908316303513424e-05,9.375655159315084e-05,0.004451527849153984,0.0001,1.1290205217959706,1.1391577357288598,1.1188833078630815,0.47598718146918095,0.4747985652505502,0.4771757976878117,2.0085427951379846,10.009445211572,0.47598718146918095,0.47598718146918095,0.47598718146918095,-0.004451527849153984,0.005,0.9947625927516918,0.9929973951015141
91,es,0.004501672262255272,1,4.057708919577428,4.033113195300478,8.090822114877906,1.4189,4.057708919577427,4.033113195300478,8.020857014437231,0.00011287952924381699,0.00011287952924381699,9.964116857231892e-05,9.964116857231892e-05,0.0002125206978161359,0.0002125206978161359,0.0002125206978161359,0.0002125206978161359,0.0002125206978161359,0.00011287952924381699,9.964116857231892e-05,0.010031635685916142,0.0001,1.1424890046056808,1.1445238333111822,1.1404541759001794,0.4650384497317481,0.4650526071353731,0.46502429232812315,2.010011882683739,10.009551241474584,0.4650384497317481,0.4650384497317481,0.4650384497317481,-0.010031635685916142,0.005,1.0028483922493656,0.9926585805695659
92,es,-0.016844367705734362,1,4.03458349665793,4.076794283723644,8.111377780381574,1.4189,4.03458349665793,4.076794283723645,8.031134847189065,0.00018017696785342757,0.00018017696785342757,0.0016977732258254621,0.0016977732258254621,0.0018779501936788897,0.0018779501936788897,0.0018779501936788897,0.0018779501936788897,0.0018779501936788897,0.00018017696785342757,0.0016977732258254621,0.009218437565014472,0.0001,1.1486299342041617,1.1331627850202937,1.1640970833880295,0.4716259400985843,0.47610928608460057,0.467142594112568,1.9947716864052611,10.052646228432383,0.4716259400985843,0.4716259400985843,0.4716259400985843,-0.009218437565014472,0.005,1.0078487920899661,0.9823898677501816
93,es,-0.01731679597359998,1,4.044846815070211,4.042995998875129,8.08784281394534,1.4189,4.04484681507021,4.04299599887513,8.019367363970948,5.486186325314002e-06,5.486186325314002e-06,1.7902905145625802e-05,1.7902905145625802e-05,2.3389091470939803e-05,2.3389091470939803e-05,2.3389091470939803e-05,2.3389091470939803e-05,2.3389091470939803e-05,5.486186325314002e-06,1.7902905145625802e-05,-0.006594579388616992,0.0001,1.1416835732438575,1.1344205503992877,1.1489465960884273,0.46438709234105513,0.46641684145061113,0.46235734323149913,1.9972919775390132,10.004092250781573,0.46438709234105513,0.46438709234105513,0.46438709234105513,0.006594579388616992,0.005,0.9936589622658346,1.00308876139673
94,es,-0.0011088752679052846,1,3.994277639756948,4.000782692761962,7.99506033251891,1.4189,3.9942776397569486,4.0007826927619625,7.972976123257734,0.0007439918070790215,0.0007439918070790215,0.00038824547608670484,0.00038824547608670484,0.0011322372831657265,0.0011322372831657265,0.0011322372831657265,0.0011322372831657265,0.0011322372831657265,0.0007439918070790215,0.00038824547608670484,-0.0056799565918027395,0.0001,1.1375595212510874,1.1235745984374843,1.1515444440646905,0.4517505483474382,0.4601380539049984,0.44336304278987804,2.023389055025857,10.022364449290581,0.4517505483474382,0.4517505483474382,0.4517505483474382,0.0056799565918027395,0.005,1.0165825481990758,0.9882688765199605
95,es,-0.015050234793622042,1,3.9993927463285117,4.031212126841232,8.030604873169743,1.4189,3.9993927463285117,4.031212126841233,7.99074839358315,7.91847386330989e-05,7.91847386330989e-05,0.0005307482695549588,0.0005307482695549588,0.0006099330081880577,0.0006099330081880577,0.0006099330081880577,0.0006099330081880577,0.0006099330081880577,7.91847386330989e-05,0.0005307482695549588,0.024345445104236807,0.0001,1.1428008656080597,1.1452391107390796,1.14036262047704,0.4499204287653442,0.45689871629241097,0.44294214123827746,2.0101911623353623,10.032579346150715,0.4499204287653442,0.4499204287653442,0.4499204287653442,-0.024345445104236807,0.005,0.9898475607301358,1.0002058523475439
96,es,0.018800955998182194,1,4.007245408159058,3.989527116309317,7.9967725244683745,1.4189,4.007245408159058,3.989527116309317,7.973832219232467,0.0004811121388066085,0.0004811121388066085,0.0003625135867102718,0.0003625135867102718,0.0008436257255168803,0.0008436257255168803,0.0008436257255168803,0.0008436257255168803,0.0008436257255168803,0.0004811121388066085,0.0003625135867102718,0.010150979706804578,0.0001,1.143994149698957,1.1494721077059429,1.138516191691971,0.4537391341014039,0.4459840581671859,0.46149421003562185,2.003710794355704,10.019317521020776,0.4537391341014039,0.4537391341014039,0.4537391341014039,-0.010150979706804578,0.005,1.0167315331916373,1.0132931014643545
97,es,0.020916841597332328,1,4.097738693837553,3.972988481189161,8.070727175026715,1.4189,4.097738693837552,3.972988481189161,8.010809544511636,1.0472058663608152e-05,1.0472058663608152e-05,7.555684621666828e-05,7.555684621666828e-05,8.602890488027643e-05,8.602890488027643e-05,8.602890488027643e-05,8.602890488027643e-05,8.602890488027643e-05,1.0472058663608152e-05,7.555684621666828e-05,-0.00374267362148863,0.0001,1.126109978300236,1.1302970573173488,1.1219228992831234,0.461577734724159,0.43729611405368285,0.4858593553946351,1.9960096238209006,10.01204555701874,0.461577734724159,0.461577734724159,0.461577734724159,0.00374267362148863,0.005,0.9934364581605706,1.0017354723911924
98,es,-0.0031916266987740563,1,4.072524215542544,3.883842589352707,7.956366804895252,1.4189,4.072524215542543,3.883842589352707,7.9536293594459035,0.0001245985493476563,0.0001245985493476563,0.0002726909519777998,0.0002726909519777998,0.0003972895013254561,0.0003972895013254561,0.0003972895013254561,0.0003972895013254561,0.0003972895013254561,0.0001245985493476563,0.0002726909519777998,-0.0031486888109974517,0.0001,1.1252343592576277,1.1116235328266404,1.138845185688615,0.4380161207573927,0.4132295456669155,0.4628026958478699,1.9842951830311903,10.01001068950897,0.4380161207573927,0.4380161207573927,0.4380161207573927,0.0031486888109974517,0.005,0.9951688977589254,0.9851179997519233
99,es,0.01633201522753538,1,4.052035028958233,3.878226270629073,7.930261299587306,1.4189,4.052035028958233,3.878226270629073,7.940576606791932,2.810293401685269e-05,2.810293401685269e-05,0.00010303812096983151,0.00010303812096983151,0.0001311410549866842,0.0001311410549866842,0.0001311410549866842,0.0001311410549866842,0.0001311410549866842,2.810293401685269e-05,0.00010303812096983151,0.0003282522150646003,0.0001,1.1392789486293275,1.143178586600297,1.135379310658358,0.431718926658915,0.405032527509281,0.458405325808549,2.001663407492032,10.014351927541108,0.431718926658915,0.431718926658915,0.431718926658915,-0.0003282522150646003,0.005,1.00013378810029,0.9997759347195603
100,es,0.01382353509614596,1,4.05666668455814,4.11877141274105,8.175438097299189,1.4189,4.05666668455814,4.118771412741051,8.063165005647875,0.00019547857202315108,0.00019547857202315108,0.0004710101844219926,0.0004710101844219926,0.0006664887564451437,0.0006664887564451437,0.0006664887564451437,0.0006664887564451437,0.0006664887564451437,0.00019547857202315108,0.0004710101844219926,-1.1683759481885547e-06,0.0001,1.1311729503975028,1.1222831018475001,1.1400627989475056,0.4788589710570976,0.48856500023905625,0.469152941875139,1.9848403778540447,10.030247794116011,0.4788589710570976,0.4788589710570976,0.4788589710570976,1.1683759481885547e-06,0.005,1.0038672301410043,0.9963216817270119
